date,week,home_team,away_team,home_score,away_score,home_win
2024-01-06 21:30:00+00:00,18,Baltimore Ravens,Pittsburgh Steelers,10,17,0
2024-01-07 01:15:00+00:00,18,Indianapolis Colts,Houston Texans,19,23,0
2024-01-07 18:00:00+00:00,18,Cincinnati Bengals,Cleveland Browns,31,14,1
2024-01-07 18:00:00+00:00,18,Detroit Lions,Minnesota Vikings,30,20,1
2024-01-07 18:00:00+00:00,18,Tennessee Titans,Jacksonville Jaguars,28,20,1
2024-01-07 18:00:00+00:00,18,New England Patriots,New York Jets,3,17,1
2024-01-07 18:00:00+00:00,18,New Orleans Saints,Atlanta Falcons,48,17,1
2024-01-07 18:00:00+00:00,18,Carolina Panthers,Tampa Bay Buccaneers,0,9,0
2024-01-07 21:25:00+00:00,18,Green Bay Packers,Chicago Bears,17,9,0
2024-01-07 21:25:00+00:00,18,Las Vegas Raiders,Denver Broncos,27,14,1
2024-01-07 21:25:00+00:00,18,New York Giants,Philadelphia Eagles,27,10,1
2024-01-07 21:25:00+00:00,18,Arizona Cardinals,Seattle Seahawks,20,21,0
2024-01-07 21:25:00+00:00,18,Los Angeles Chargers,Kansas City Chiefs,12,13,0
2024-01-07 21:25:00+00:00,18,San Francisco 49ers,Los Angeles Rams,20,21,0
2024-01-07 21:25:00+00:00,18,Washington Commanders,Dallas Cowboys,10,38,0
2024-01-08 01:20:00+00:00,18,Miami Dolphins,Buffalo Bills,14,21,0
2024-01-13 21:30:00+00:00,1,Houston Texans,Cleveland Browns,45,14,1
2024-01-14 01:00:00+00:00,1,Kansas City Chiefs,Miami Dolphins,26,7,0
2024-01-14 21:30:00+00:00,1,Dallas Cowboys,Green Bay Packers,32,48,0
2024-01-15 01:15:00+00:00,1,Detroit Lions,Los Angeles Rams,24,23,1
2024-01-15 21:30:00+00:00,1,Buffalo Bills,Pittsburgh Steelers,31,17,1
2024-01-16 01:15:00+00:00,1,Tampa Bay Buccaneers,Philadelphia Eagles,32,9,0
2024-01-20 21:30:00+00:00,2,Baltimore Ravens,Houston Texans,34,10,1
2024-01-21 01:15:00+00:00,2,San Francisco 49ers,Green Bay Packers,24,21,1
2024-01-21 20:00:00+00:00,2,Detroit Lions,Tampa Bay Buccaneers,31,23,1
2024-01-21 23:30:00+00:00,2,Buffalo Bills,Kansas City Chiefs,24,27,0
2024-01-28 20:00:00+00:00,3,Baltimore Ravens,Kansas City Chiefs,10,17,0
2024-01-28 23:30:00+00:00,3,San Francisco 49ers,Detroit Lions,34,31,1
2024-02-04 20:00:00+00:00,4,AFC,NFC,59,64,0
2024-02-11 23:30:00+00:00,5,Kansas City Chiefs,San Francisco 49ers,25,22,1
2024-08-02 00:00:00+00:00,1,Chicago Bears,Houston Texans,21,17,1
2024-08-08 23:00:00+00:00,2,New England Patriots,Carolina Panthers,17,3,0
2024-08-08 23:00:00+00:00,2,New York Giants,Detroit Lions,14,3,0
2024-08-09 23:00:00+00:00,2,Miami Dolphins,Atlanta Falcons,20,13,1
2024-08-09 23:00:00+00:00,2,Pittsburgh Steelers,Houston Texans,12,20,0
2024-08-09 23:30:00+00:00,2,Baltimore Ravens,Philadelphia Eagles,13,16,0
2024-08-10 16:00:00+00:00,2,New York Jets,Washington Commanders,20,17,1
2024-08-10 17:00:00+00:00,2,Buffalo Bills,Chicago Bears,6,33,1
2024-08-10 20:00:00+00:00,2,Minnesota Vikings,Las Vegas Raiders,24,23,1
2024-08-10 20:25:00+00:00,2,Cleveland Browns,Green Bay Packers,10,23,0
2024-08-10 23:00:00+00:00,2,Cincinnati Bengals,Tampa Bay Buccaneers,14,17,0
2024-08-10 23:00:00+00:00,2,Tennessee Titans,San Francisco 49ers,17,13,1
2024-08-10 23:00:00+00:00,2,Jacksonville Jaguars,Kansas City Chiefs,26,13,1
2024-08-10 23:05:00+00:00,2,Los Angeles Chargers,Seattle Seahawks,3,16,1
2024-08-11 00:00:00+00:00,2,Arizona Cardinals,New Orleans Saints,14,16,0
2024-08-11 17:00:00+00:00,2,Indianapolis Colts,Denver Broncos,30,34,0
2024-08-11 20:30:00+00:00,2,Los Angeles Rams,Dallas Cowboys,13,12,1
2024-08-15 23:00:00+00:00,3,New England Patriots,Philadelphia Eagles,13,14,0
2024-08-17 16:00:00+00:00,3,Baltimore Ravens,Atlanta Falcons,13,12,1
2024-08-17 17:00:00+00:00,3,Chicago Bears,Cincinnati Bengals,27,3,0
2024-08-17 17:00:00+00:00,3,Houston Texans,New York Giants,28,10,1
2024-08-17 20:00:00+00:00,3,Kansas City Chiefs,Detroit Lions,23,24,0
2024-08-17 20:25:00+00:00,3,Cleveland Browns,Minnesota Vikings,12,27,0
2024-08-17 23:00:00+00:00,3,Tennessee Titans,Seattle Seahawks,16,15,1
2024-08-17 23:00:00+00:00,3,Indianapolis Colts,Arizona Cardinals,21,13,1
2024-08-17 23:00:00+00:00,3,Miami Dolphins,Washington Commanders,13,6,0
2024-08-17 23:00:00+00:00,3,Pittsburgh Steelers,Buffalo Bills,3,9,0
2024-08-17 23:00:00+00:00,3,Carolina Panthers,New York Jets,12,15,0
2024-08-17 23:05:00+00:00,3,Los Angeles Chargers,Los Angeles Rams,9,13,1
2024-08-17 23:30:00+00:00,3,Jacksonville Jaguars,Tampa Bay Buccaneers,20,7,0
2024-08-18 02:00:00+00:00,3,Las Vegas Raiders,Dallas Cowboys,12,27,0
2024-08-19 00:00:00+00:00,3,Denver Broncos,Green Bay Packers,27,2,1
2024-08-19 00:00:00+00:00,3,San Francisco 49ers,New Orleans Saints,16,10,1
2024-08-23 00:00:00+00:00,4,Cincinnati Bengals,Indianapolis Colts,14,27,0
2024-08-23 00:20:00+00:00,4,Kansas City Chiefs,Chicago Bears,21,34,0
2024-08-23 23:00:00+00:00,4,Atlanta Falcons,Jacksonville Jaguars,0,31,0
2024-08-23 23:30:00+00:00,4,Tampa Bay Buccaneers,Miami Dolphins,24,14,1
2024-08-24 02:00:00+00:00,4,Las Vegas Raiders,San Francisco 49ers,24,24,0
2024-08-24 17:00:00+00:00,4,Buffalo Bills,Carolina Panthers,26,31,0
2024-08-24 17:00:00+00:00,4,Detroit Lions,Pittsburgh Steelers,24,17,1
2024-08-24 17:00:00+00:00,4,Green Bay Packers,Baltimore Ravens,30,7,0
2024-08-24 17:00:00+00:00,4,Philadelphia Eagles,Minnesota Vikings,3,26,1
2024-08-24 17:00:00+00:00,4,Houston Texans,Los Angeles Rams,17,15,1
2024-08-24 20:00:00+00:00,4,Dallas Cowboys,Los Angeles Chargers,19,26,0
2024-08-24 23:30:00+00:00,4,New York Jets,New York Giants,10,6,0
2024-08-25 02:00:00+00:00,4,Seattle Seahawks,Cleveland Browns,37,33,1
2024-08-25 18:00:00+00:00,4,New Orleans Saints,Tennessee Titans,27,30,0
2024-08-25 20:30:00+00:00,4,Denver Broncos,Arizona Cardinals,38,12,1
2024-08-26 00:00:00+00:00,4,Washington Commanders,New England Patriots,20,10,1
2024-09-06 00:40:00+00:00,1,Kansas City Chiefs,Baltimore Ravens,27,20,1
2024-09-07 00:15:00+00:00,1,Philadelphia Eagles,Green Bay Packers,34,29,1
2024-09-08 17:00:00+00:00,1,Atlanta Falcons,Pittsburgh Steelers,10,18,0
2024-09-08 17:00:00+00:00,1,Buffalo Bills,Arizona Cardinals,34,28,1
2024-09-08 17:00:00+00:00,1,Chicago Bears,Tennessee Titans,24,17,1
2024-09-08 17:00:00+00:00,1,Cincinnati Bengals,New England Patriots,10,16,0
2024-09-08 17:00:00+00:00,1,Indianapolis Colts,Houston Texans,27,29,0
2024-09-08 17:00:00+00:00,1,Miami Dolphins,Jacksonville Jaguars,20,17,1
2024-09-08 17:00:00+00:00,1,New Orleans Saints,Carolina Panthers,47,10,1
2024-09-08 17:00:00+00:00,1,New York Giants,Minnesota Vikings,6,28,1
2024-09-08 20:05:00+00:00,1,Los Angeles Chargers,Las Vegas Raiders,22,10,1
2024-09-08 20:05:00+00:00,1,Seattle Seahawks,Denver Broncos,26,20,1
2024-09-08 20:25:00+00:00,1,Cleveland Browns,Dallas Cowboys,17,33,0
2024-09-08 20:25:00+00:00,1,Tampa Bay Buccaneers,Washington Commanders,37,20,1
2024-09-09 00:20:00+00:00,1,Detroit Lions,Los Angeles Rams,26,20,1
2024-09-10 00:15:00+00:00,1,San Francisco 49ers,New York Jets,32,19,1
2024-09-13 00:15:00+00:00,2,Miami Dolphins,Buffalo Bills,10,31,0
2024-09-15 17:00:00+00:00,2,Dallas Cowboys,New Orleans Saints,19,44,0
2024-09-15 17:00:00+00:00,2,Detroit Lions,Tampa Bay Buccaneers,16,20,0
2024-09-15 17:00:00+00:00,2,Green Bay Packers,Indianapolis Colts,16,10,1
2024-09-15 17:00:00+00:00,2,Tennessee Titans,New York Jets,17,24,0
2024-09-15 17:00:00+00:00,2,Minnesota Vikings,San Francisco 49ers,23,17,1
2024-09-15 17:00:00+00:00,2,New England Patriots,Seattle Seahawks,20,23,0
2024-09-15 17:00:00+00:00,2,Washington Commanders,New York Giants,21,18,1
2024-09-15 17:00:00+00:00,2,Carolina Panthers,Los Angeles Chargers,3,26,1
2024-09-15 17:00:00+00:00,2,Jacksonville Jaguars,Cleveland Browns,13,18,0
2024-09-15 17:00:00+00:00,2,Baltimore Ravens,Las Vegas Raiders,23,26,0
2024-09-15 20:05:00+00:00,2,Arizona Cardinals,Los Angeles Rams,41,10,1
2024-09-15 20:25:00+00:00,2,Denver Broncos,Pittsburgh Steelers,6,13,1
2024-09-15 20:25:00+00:00,2,Kansas City Chiefs,Cincinnati Bengals,26,25,1
2024-09-16 00:20:00+00:00,2,Houston Texans,Chicago Bears,19,13,1
2024-09-17 00:15:00+00:00,2,Philadelphia Eagles,Atlanta Falcons,21,22,0
2024-09-20 00:15:00+00:00,3,New York Jets,New England Patriots,24,3,0
2024-09-22 17:00:00+00:00,3,Cleveland Browns,New York Giants,15,21,0
2024-09-22 17:00:00+00:00,3,Tennessee Titans,Green Bay Packers,14,30,0
2024-09-22 17:00:00+00:00,3,Indianapolis Colts,Chicago Bears,21,16,1
2024-09-22 17:00:00+00:00,3,Minnesota Vikings,Houston Texans,34,7,0
2024-09-22 17:00:00+00:00,3,New Orleans Saints,Philadelphia Eagles,12,15,0
2024-09-22 17:00:00+00:00,3,Pittsburgh Steelers,Los Angeles Chargers,20,10,1
2024-09-22 17:00:00+00:00,3,Tampa Bay Buccaneers,Denver Broncos,7,26,1
2024-09-22 20:05:00+00:00,3,Las Vegas Raiders,Carolina Panthers,22,36,0
2024-09-22 20:05:00+00:00,3,Seattle Seahawks,Miami Dolphins,24,3,0
2024-09-22 20:25:00+00:00,3,Dallas Cowboys,Baltimore Ravens,25,28,0
2024-09-22 20:25:00+00:00,3,Los Angeles Rams,San Francisco 49ers,27,24,1
2024-09-22 20:25:00+00:00,3,Arizona Cardinals,Detroit Lions,13,20,0
2024-09-23 00:20:00+00:00,3,Atlanta Falcons,Kansas City Chiefs,17,22,0
2024-09-23 23:30:00+00:00,3,Buffalo Bills,Jacksonville Jaguars,47,10,1
2024-09-24 00:15:00+00:00,3,Cincinnati Bengals,Washington Commanders,33,38,0
2024-09-27 00:15:00+00:00,4,New York Giants,Dallas Cowboys,15,20,0
2024-09-29 17:00:00+00:00,4,Atlanta Falcons,New Orleans Saints,26,24,1
2024-09-29 17:00:00+00:00,4,Chicago Bears,Los Angeles Rams,24,18,1
2024-09-29 17:00:00+00:00,4,Green Bay Packers,Minnesota Vikings,29,31,0
2024-09-29 17:00:00+00:00,4,Indianapolis Colts,Pittsburgh Steelers,27,24,1
2024-09-29 17:00:00+00:00,4,New York Jets,Denver Broncos,9,10,1
2024-09-29 17:00:00+00:00,4,Tampa Bay Buccaneers,Philadelphia Eagles,33,16,1
2024-09-29 17:00:00+00:00,4,Carolina Panthers,Cincinnati Bengals,24,34,0
2024-09-29 17:00:00+00:00,4,Houston Texans,Jacksonville Jaguars,24,20,1
2024-09-29 20:05:00+00:00,4,Arizona Cardinals,Washington Commanders,14,42,0
2024-09-29 20:05:00+00:00,4,San Francisco 49ers,New England Patriots,30,13,1
2024-09-29 20:25:00+00:00,4,Las Vegas Raiders,Cleveland Browns,20,16,1
2024-09-29 20:25:00+00:00,4,Los Angeles Chargers,Kansas City Chiefs,10,17,0
2024-09-30 00:20:00+00:00,4,Baltimore Ravens,Buffalo Bills,35,10,1
2024-09-30 23:30:00+00:00,4,Miami Dolphins,Tennessee Titans,12,31,0
2024-10-01 00:15:00+00:00,4,Detroit Lions,Seattle Seahawks,42,29,1
2024-10-04 00:15:00+00:00,5,Atlanta Falcons,Tampa Bay Buccaneers,36,30,1
2024-10-06 13:30:00+00:00,5,Minnesota Vikings,New York Jets,23,17,1
2024-10-06 17:00:00+00:00,5,Chicago Bears,Carolina Panthers,36,10,1
2024-10-06 17:00:00+00:00,5,Cincinnati Bengals,Baltimore Ravens,38,41,0
2024-10-06 17:00:00+00:00,5,New England Patriots,Miami Dolphins,10,15,0
2024-10-06 17:00:00+00:00,5,Washington Commanders,Cleveland Browns,34,13,1
2024-10-06 17:00:00+00:00,5,Jacksonville Jaguars,Indianapolis Colts,37,34,1
2024-10-06 17:00:00+00:00,5,Houston Texans,Buffalo Bills,23,20,1
2024-10-06 20:05:00+00:00,5,Denver Broncos,Las Vegas Raiders,34,18,1
2024-10-06 20:05:00+00:00,5,San Francisco 49ers,Arizona Cardinals,23,24,0
2024-10-06 20:25:00+00:00,5,Los Angeles Rams,Green Bay Packers,19,24,0
2024-10-06 20:25:00+00:00,5,Seattle Seahawks,New York Giants,20,29,0
2024-10-07 01:45:00+00:00,5,Pittsburgh Steelers,Dallas Cowboys,17,20,0
2024-10-08 00:15:00+00:00,5,Kansas City Chiefs,New Orleans Saints,26,13,1
2024-10-11 00:15:00+00:00,6,Seattle Seahawks,San Francisco 49ers,24,36,0
2024-10-13 13:30:00+00:00,6,Chicago Bears,Jacksonville Jaguars,35,16,1
2024-10-13 17:00:00+00:00,6,Green Bay Packers,Arizona Cardinals,34,13,1
2024-10-13 17:00:00+00:00,6,Tennessee Titans,Indianapolis Colts,17,20,0
2024-10-13 17:00:00+00:00,6,New England Patriots,Houston Texans,21,41,0
2024-10-13 17:00:00+00:00,6,New Orleans Saints,Tampa Bay Buccaneers,27,51,0
2024-10-13 17:00:00+00:00,6,Philadelphia Eagles,Cleveland Browns,20,16,1
2024-10-13 17:00:00+00:00,6,Baltimore Ravens,Washington Commanders,30,23,1
2024-10-13 20:05:00+00:00,6,Denver Broncos,Los Angeles Chargers,16,23,0
2024-10-13 20:05:00+00:00,6,Las Vegas Raiders,Pittsburgh Steelers,13,32,0
2024-10-13 20:25:00+00:00,6,Dallas Cowboys,Detroit Lions,9,47,1
2024-10-13 20:25:00+00:00,6,Carolina Panthers,Atlanta Falcons,20,38,0
2024-10-14 00:20:00+00:00,6,New York Giants,Cincinnati Bengals,7,17,1
2024-10-15 00:15:00+00:00,6,New York Jets,Buffalo Bills,20,23,0
2024-10-18 00:15:00+00:00,7,New Orleans Saints,Denver Broncos,10,33,0
2024-10-20 13:30:00+00:00,7,Jacksonville Jaguars,New England Patriots,32,16,1
2024-10-20 17:00:00+00:00,7,Atlanta Falcons,Seattle Seahawks,14,34,0
2024-10-20 17:00:00+00:00,7,Buffalo Bills,Tennessee Titans,34,10,1
2024-10-20 17:00:00+00:00,7,Cleveland Browns,Cincinnati Bengals,14,21,0
2024-10-20 17:00:00+00:00,7,Green Bay Packers,Houston Texans,24,22,1
2024-10-20 17:00:00+00:00,7,Indianapolis Colts,Miami Dolphins,16,10,1
2024-10-20 17:00:00+00:00,7,Minnesota Vikings,Detroit Lions,29,31,0
2024-10-20 17:00:00+00:00,7,New York Giants,Philadelphia Eagles,3,28,1
2024-10-20 20:05:00+00:00,7,Los Angeles Rams,Las Vegas Raiders,20,15,1
2024-10-20 20:05:00+00:00,7,Washington Commanders,Carolina Panthers,40,7,0
2024-10-20 20:25:00+00:00,7,San Francisco 49ers,Kansas City Chiefs,18,28,0
2024-10-21 00:20:00+00:00,7,Pittsburgh Steelers,New York Jets,37,15,1
2024-10-22 00:15:00+00:00,7,Tampa Bay Buccaneers,Baltimore Ravens,31,41,0
2024-10-22 01:00:00+00:00,7,Arizona Cardinals,Los Angeles Chargers,17,15,1
2024-10-25 00:15:00+00:00,8,Los Angeles Rams,Minnesota Vikings,30,20,1
2024-10-27 17:00:00+00:00,8,Cincinnati Bengals,Philadelphia Eagles,17,37,0
2024-10-27 17:00:00+00:00,8,Cleveland Browns,Baltimore Ravens,29,24,1
2024-10-27 17:00:00+00:00,8,Detroit Lions,Tennessee Titans,52,14,1
2024-10-27 17:00:00+00:00,8,Miami Dolphins,Arizona Cardinals,27,28,0
2024-10-27 17:00:00+00:00,8,New England Patriots,New York Jets,25,22,1
2024-10-27 17:00:00+00:00,8,Tampa Bay Buccaneers,Atlanta Falcons,26,31,0
2024-10-27 17:00:00+00:00,8,Jacksonville Jaguars,Green Bay Packers,27,30,0
2024-10-27 17:00:00+00:00,8,Houston Texans,Indianapolis Colts,23,20,1
2024-10-27 20:05:00+00:00,8,Los Angeles Chargers,New Orleans Saints,26,8,0
2024-10-27 20:05:00+00:00,8,Seattle Seahawks,Buffalo Bills,10,31,0
2024-10-27 20:25:00+00:00,8,Denver Broncos,Carolina Panthers,28,14,1
2024-10-27 20:25:00+00:00,8,Las Vegas Raiders,Kansas City Chiefs,20,27,0
2024-10-27 20:25:00+00:00,8,Washington Commanders,Chicago Bears,18,15,1
2024-10-28 00:20:00+00:00,8,San Francisco 49ers,Dallas Cowboys,30,24,1
2024-10-29 00:15:00+00:00,8,Pittsburgh Steelers,New York Giants,26,18,1
2024-11-01 00:15:00+00:00,9,New York Jets,Houston Texans,21,13,1
2024-11-03 18:00:00+00:00,9,Atlanta Falcons,Dallas Cowboys,27,21,1
2024-11-03 18:00:00+00:00,9,Buffalo Bills,Miami Dolphins,30,27,1
2024-11-03 18:00:00+00:00,9,Cincinnati Bengals,Las Vegas Raiders,41,24,1
2024-11-03 18:00:00+00:00,9,Cleveland Browns,Los Angeles Chargers,10,27,0
2024-11-03 18:00:00+00:00,9,Tennessee Titans,New England Patriots,20,17,1
2024-11-03 18:00:00+00:00,9,New York Giants,Washington Commanders,22,27,0
2024-11-03 18:00:00+00:00,9,Carolina Panthers,New Orleans Saints,23,22,1
2024-11-03 18:00:00+00:00,9,Baltimore Ravens,Denver Broncos,41,10,1
2024-11-03 21:05:00+00:00,9,Philadelphia Eagles,Jacksonville Jaguars,28,23,1
2024-11-03 21:05:00+00:00,9,Arizona Cardinals,Chicago Bears,29,9,0
2024-11-03 21:25:00+00:00,9,Green Bay Packers,Detroit Lions,14,24,0
2024-11-03 21:25:00+00:00,9,Seattle Seahawks,Los Angeles Rams,20,26,0
2024-11-04 01:20:00+00:00,9,Minnesota Vikings,Indianapolis Colts,21,13,1
2024-11-05 01:15:00+00:00,9,Kansas City Chiefs,Tampa Bay Buccaneers,30,24,1
2024-11-08 01:15:00+00:00,10,Baltimore Ravens,Cincinnati Bengals,35,34,1
2024-11-10 14:30:00+00:00,10,Carolina Panthers,New York Giants,20,17,1
2024-11-10 18:00:00+00:00,10,Chicago Bears,New England Patriots,3,19,1
2024-11-10 18:00:00+00:00,10,Indianapolis Colts,Buffalo Bills,20,30,0
2024-11-10 18:00:00+00:00,10,Kansas City Chiefs,Denver Broncos,16,14,1
2024-11-10 18:00:00+00:00,10,New Orleans Saints,Atlanta Falcons,20,17,1
2024-11-10 18:00:00+00:00,10,Tampa Bay Buccaneers,San Francisco 49ers,20,23,0
2024-11-10 18:00:00+00:00,10,Washington Commanders,Pittsburgh Steelers,27,28,0
2024-11-10 18:00:00+00:00,10,Jacksonville Jaguars,Minnesota Vikings,7,12,1
2024-11-10 21:05:00+00:00,10,Los Angeles Chargers,Tennessee Titans,27,17,1
2024-11-10 21:25:00+00:00,10,Dallas Cowboys,Philadelphia Eagles,6,34,1
2024-11-10 21:25:00+00:00,10,Arizona Cardinals,New York Jets,31,6,0
2024-11-11 01:20:00+00:00,10,Houston Texans,Detroit Lions,23,26,0
2024-11-12 01:15:00+00:00,10,Los Angeles Rams,Miami Dolphins,15,23,0
2024-11-15 01:15:00+00:00,11,Philadelphia Eagles,Washington Commanders,26,18,1
2024-11-17 18:00:00+00:00,11,Chicago Bears,Green Bay Packers,19,20,0
2024-11-17 18:00:00+00:00,11,Detroit Lions,Jacksonville Jaguars,52,6,0
2024-11-17 18:00:00+00:00,11,Tennessee Titans,Minnesota Vikings,13,23,0
2024-11-17 18:00:00+00:00,11,Miami Dolphins,Las Vegas Raiders,34,19,1
2024-11-17 18:00:00+00:00,11,New England Patriots,Los Angeles Rams,22,28,0
2024-11-17 18:00:00+00:00,11,New Orleans Saints,Cleveland Browns,35,14,1
2024-11-17 18:00:00+00:00,11,New York Jets,Indianapolis Colts,27,28,0
2024-11-17 18:00:00+00:00,11,Pittsburgh Steelers,Baltimore Ravens,18,16,1
2024-11-17 21:05:00+00:00,11,Denver Broncos,Atlanta Falcons,38,6,0
2024-11-17 21:05:00+00:00,11,San Francisco 49ers,Seattle Seahawks,17,20,0
2024-11-17 21:25:00+00:00,11,Buffalo Bills,Kansas City Chiefs,30,21,1
2024-11-18 01:20:00+00:00,11,Los Angeles Chargers,Cincinnati Bengals,34,27,1
2024-11-19 01:15:00+00:00,11,Dallas Cowboys,Houston Texans,10,34,0
2024-11-22 01:15:00+00:00,12,Cleveland Browns,Pittsburgh Steelers,24,19,1
2024-11-24 18:00:00+00:00,12,Chicago Bears,Minnesota Vikings,27,30,0
2024-11-24 18:00:00+00:00,12,Indianapolis Colts,Detroit Lions,6,24,1
2024-11-24 18:00:00+00:00,12,Miami Dolphins,New England Patriots,34,15,1
2024-11-24 18:00:00+00:00,12,New York Giants,Tampa Bay Buccaneers,7,30,1
2024-11-24 18:00:00+00:00,12,Washington Commanders,Dallas Cowboys,26,34,0
2024-11-24 18:00:00+00:00,12,Carolina Panthers,Kansas City Chiefs,27,30,0
2024-11-24 18:00:00+00:00,12,Houston Texans,Tennessee Titans,27,32,0
2024-11-24 21:05:00+00:00,12,Las Vegas Raiders,Denver Broncos,19,29,0
2024-11-24 21:25:00+00:00,12,Green Bay Packers,San Francisco 49ers,38,10,1
2024-11-24 21:25:00+00:00,12,Seattle Seahawks,Arizona Cardinals,16,6,0
2024-11-25 01:20:00+00:00,12,Los Angeles Rams,Philadelphia Eagles,20,37,0
2024-11-26 01:15:00+00:00,12,Los Angeles Chargers,Baltimore Ravens,23,30,0
2024-11-28 17:30:00+00:00,13,Detroit Lions,Chicago Bears,23,20,1
2024-11-28 21:30:00+00:00,13,Dallas Cowboys,New York Giants,27,20,1
2024-11-29 01:20:00+00:00,13,Green Bay Packers,Miami Dolphins,30,17,1
2024-11-29 20:00:00+00:00,13,Kansas City Chiefs,Las Vegas Raiders,19,17,1
2024-12-01 18:00:00+00:00,13,Atlanta Falcons,Los Angeles Chargers,13,17,0
2024-12-01 18:00:00+00:00,13,Cincinnati Bengals,Pittsburgh Steelers,38,44,0
2024-12-01 18:00:00+00:00,13,Minnesota Vikings,Arizona Cardinals,23,22,1
2024-12-01 18:00:00+00:00,13,New England Patriots,Indianapolis Colts,24,25,0
2024-12-01 18:00:00+00:00,13,New York Jets,Seattle Seahawks,21,26,0
2024-12-01 18:00:00+00:00,13,Washington Commanders,Tennessee Titans,42,19,1
2024-12-01 18:00:00+00:00,13,Jacksonville Jaguars,Houston Texans,20,23,0
2024-12-01 21:05:00+00:00,13,New Orleans Saints,Los Angeles Rams,14,21,0
2024-12-01 21:05:00+00:00,13,Carolina Panthers,Tampa Bay Buccaneers,23,26,0
2024-12-01 21:25:00+00:00,13,Baltimore Ravens,Philadelphia Eagles,19,24,0
2024-12-02 01:20:00+00:00,13,Buffalo Bills,San Francisco 49ers,35,10,1
2024-12-03 01:15:00+00:00,13,Denver Broncos,Cleveland Browns,41,32,1
2024-12-06 01:15:00+00:00,14,Detroit Lions,Green Bay Packers,34,31,1
2024-12-08 18:00:00+00:00,14,Tennessee Titans,Jacksonville Jaguars,6,10,1
2024-12-08 18:00:00+00:00,14,Miami Dolphins,New York Jets,32,26,1
2024-12-08 18:00:00+00:00,14,Minnesota Vikings,Atlanta Falcons,42,21,1
2024-12-08 18:00:00+00:00,14,New York Giants,New Orleans Saints,11,14,0
2024-12-08 18:00:00+00:00,14,Philadelphia Eagles,Carolina Panthers,22,16,1
2024-12-08 18:00:00+00:00,14,Pittsburgh Steelers,Cleveland Browns,27,14,1
2024-12-08 18:00:00+00:00,14,Tampa Bay Buccaneers,Las Vegas Raiders,28,13,1
2024-12-08 21:05:00+00:00,14,Arizona Cardinals,Seattle Seahawks,18,30,0
2024-12-08 21:25:00+00:00,14,Los Angeles Rams,Buffalo Bills,44,42,1
2024-12-08 21:25:00+00:00,14,San Francisco 49ers,Chicago Bears,38,13,1
2024-12-09 01:20:00+00:00,14,Kansas City Chiefs,Los Angeles Chargers,19,17,1
2024-12-10 01:15:00+00:00,14,Dallas Cowboys,Cincinnati Bengals,20,27,0
2024-12-13 01:15:00+00:00,15,San Francisco 49ers,Los Angeles Rams,6,12,1
2024-12-15 18:00:00+00:00,15,Cleveland Browns,Kansas City Chiefs,7,21,1
2024-12-15 18:00:00+00:00,15,Tennessee Titans,Cincinnati Bengals,27,37,0
2024-12-15 18:00:00+00:00,15,New Orleans Saints,Washington Commanders,19,20,0
2024-12-15 18:00:00+00:00,15,New York Giants,Baltimore Ravens,14,35,0
2024-12-15 18:00:00+00:00,15,Carolina Panthers,Dallas Cowboys,14,30,0
2024-12-15 18:00:00+00:00,15,Jacksonville Jaguars,New York Jets,25,32,0
2024-12-15 18:00:00+00:00,15,Houston Texans,Miami Dolphins,20,12,1
2024-12-15 21:25:00+00:00,15,Denver Broncos,Indianapolis Colts,31,13,1
2024-12-15 21:25:00+00:00,15,Detroit Lions,Buffalo Bills,42,48,0
2024-12-15 21:25:00+00:00,15,Philadelphia Eagles,Pittsburgh Steelers,27,13,1
2024-12-15 21:25:00+00:00,15,Arizona Cardinals,New England Patriots,30,17,1
2024-12-15 21:25:00+00:00,15,Los Angeles Chargers,Tampa Bay Buccaneers,17,40,0
2024-12-16 01:20:00+00:00,15,Seattle Seahawks,Green Bay Packers,13,30,0
2024-12-17 01:00:00+00:00,15,Minnesota Vikings,Chicago Bears,30,12,1
2024-12-17 01:30:00+00:00,15,Las Vegas Raiders,Atlanta Falcons,9,15,1
2024-12-20 01:15:00+00:00,16,Los Angeles Chargers,Denver Broncos,34,27,1
2024-12-21 18:00:00+00:00,16,Kansas City Chiefs,Houston Texans,27,19,1
2024-12-21 21:30:00+00:00,16,Baltimore Ravens,Pittsburgh Steelers,34,17,1
2024-12-22 18:00:00+00:00,16,Atlanta Falcons,New York Giants,34,7,0
2024-12-22 18:00:00+00:00,16,Chicago Bears,Detroit Lions,17,34,0
2024-12-22 18:00:00+00:00,16,Cincinnati Bengals,Cleveland Browns,24,6,0
2024-12-22 18:00:00+00:00,16,Indianapolis Colts,Tennessee Titans,38,30,1
2024-12-22 18:00:00+00:00,16,New York Jets,Los Angeles Rams,9,19,1
2024-12-22 18:00:00+00:00,16,Washington Commanders,Philadelphia Eagles,36,33,1
2024-12-22 18:00:00+00:00,16,Carolina Panthers,Arizona Cardinals,36,30,1
2024-12-22 21:05:00+00:00,16,Seattle Seahawks,Minnesota Vikings,24,27,0
2024-12-22 21:25:00+00:00,16,Buffalo Bills,New England Patriots,24,21,1
2024-12-22 21:25:00+00:00,16,Las Vegas Raiders,Jacksonville Jaguars,19,14,1
2024-12-22 21:25:00+00:00,16,Miami Dolphins,San Francisco 49ers,29,17,1
2024-12-23 01:20:00+00:00,16,Dallas Cowboys,Tampa Bay Buccaneers,26,24,1
2024-12-24 01:15:00+00:00,16,Green Bay Packers,New Orleans Saints,34,0,1
2024-12-25 18:00:00+00:00,17,Pittsburgh Steelers,Kansas City Chiefs,10,29,0
2024-12-25 21:30:00+00:00,17,Houston Texans,Baltimore Ravens,2,31,0
2024-12-27 01:15:00+00:00,17,Chicago Bears,Seattle Seahawks,3,6,0
2024-12-28 18:00:00+00:00,17,New England Patriots,Los Angeles Chargers,7,40,1
2024-12-28 21:30:00+00:00,17,Cincinnati Bengals,Denver Broncos,30,24,1
2024-12-29 01:00:00+00:00,17,Los Angeles Rams,Arizona Cardinals,13,9,0
2024-12-29 18:00:00+00:00,17,Buffalo Bills,New York Jets,40,14,1
2024-12-29 18:00:00+00:00,17,New Orleans Saints,Las Vegas Raiders,10,25,0
2024-12-29 18:00:00+00:00,17,New York Giants,Indianapolis Colts,45,33,1
2024-12-29 18:00:00+00:00,17,Philadelphia Eagles,Dallas Cowboys,41,7,0
2024-12-29 18:00:00+00:00,17,Tampa Bay Buccaneers,Carolina Panthers,48,14,1
2024-12-29 18:00:00+00:00,17,Jacksonville Jaguars,Tennessee Titans,20,13,1
2024-12-29 21:05:00+00:00,17,Cleveland Browns,Miami Dolphins,3,20,1
2024-12-29 21:25:00+00:00,17,Minnesota Vikings,Green Bay Packers,27,25,1
2024-12-30 01:20:00+00:00,17,Washington Commanders,Atlanta Falcons,30,24,1
2024-12-31 01:15:00+00:00,17,San Francisco 49ers,Detroit Lions,34,40,0
2025-01-04 21:30:00+00:00,18,Baltimore Ravens,Cleveland Browns,35,10,1
2025-01-05 01:00:00+00:00,18,Pittsburgh Steelers,Cincinnati Bengals,17,19,0
2025-01-05 18:00:00+00:00,18,Atlanta Falcons,Carolina Panthers,38,44,0
2025-01-05 18:00:00+00:00,18,Dallas Cowboys,Washington Commanders,19,23,0
2025-01-05 18:00:00+00:00,18,Green Bay Packers,Chicago Bears,22,24,0
2025-01-05 18:00:00+00:00,18,Tennessee Titans,Houston Texans,14,23,0
2025-01-05 18:00:00+00:00,18,Indianapolis Colts,Jacksonville Jaguars,26,23,1
2025-01-05 18:00:00+00:00,18,New England Patriots,Buffalo Bills,23,16,1
2025-01-05 18:00:00+00:00,18,Philadelphia Eagles,New York Giants,20,13,1
2025-01-05 18:00:00+00:00,18,Tampa Bay Buccaneers,New Orleans Saints,27,19,1
2025-01-05 21:25:00+00:00,18,Denver Broncos,Kansas City Chiefs,38,0,1
2025-01-05 21:25:00+00:00,18,Las Vegas Raiders,Los Angeles Chargers,20,34,0
2025-01-05 21:25:00+00:00,18,Los Angeles Rams,Seattle Seahawks,25,30,0
2025-01-05 21:25:00+00:00,18,New York Jets,Miami Dolphins,32,20,1
2025-01-05 21:25:00+00:00,18,Arizona Cardinals,San Francisco 49ers,47,24,1
2025-01-06 01:20:00+00:00,18,Detroit Lions,Minnesota Vikings,31,9,0
2025-01-11 21:30:00+00:00,1,Houston Texans,Los Angeles Chargers,32,12,1
2025-01-12 01:00:00+00:00,1,Baltimore Ravens,Pittsburgh Steelers,28,14,1
2025-01-12 18:00:00+00:00,1,Buffalo Bills,Denver Broncos,31,7,0
2025-01-12 21:30:00+00:00,1,Philadelphia Eagles,Green Bay Packers,22,10,1
2025-01-13 01:00:00+00:00,1,Tampa Bay Buccaneers,Washington Commanders,20,23,0
2025-01-14 01:00:00+00:00,1,Los Angeles Rams,Minnesota Vikings,27,9,0
2025-01-18 21:30:00+00:00,2,Kansas City Chiefs,Houston Texans,23,14,1
2025-01-19 01:00:00+00:00,2,Detroit Lions,Washington Commanders,31,45,0
2025-01-19 20:00:00+00:00,2,Philadelphia Eagles,Los Angeles Rams,28,22,1
2025-01-19 23:30:00+00:00,2,Buffalo Bills,Baltimore Ravens,27,25,1
2025-01-26 20:00:00+00:00,3,Philadelphia Eagles,Washington Commanders,55,23,1
2025-01-26 23:30:00+00:00,3,Kansas City Chiefs,Buffalo Bills,32,29,1
2025-02-02 20:00:00+00:00,4,NFC,AFC,76,63,1
2025-02-09 23:30:00+00:00,5,Philadelphia Eagles,Kansas City Chiefs,40,22,1
2025-08-01 00:00:00+00:00,1,Detroit Lions,Los Angeles Chargers,7,34,1
2025-08-07 23:00:00+00:00,2,Baltimore Ravens,Indianapolis Colts,24,16,1
2025-08-07 23:30:00+00:00,2,Philadelphia Eagles,Cincinnati Bengals,34,27,1
2025-08-08 02:00:00+00:00,2,Seattle Seahawks,Las Vegas Raiders,23,23,0
2025-08-08 23:00:00+00:00,2,Atlanta Falcons,Detroit Lions,10,17,0
2025-08-08 23:00:00+00:00,2,Carolina Panthers,Cleveland Browns,10,30,0
2025-08-08 23:30:00+00:00,2,New England Patriots,Washington Commanders,48,18,1
2025-08-09 17:00:00+00:00,2,Buffalo Bills,New York Giants,25,34,0
2025-08-09 20:00:00+00:00,2,Minnesota Vikings,Houston Texans,20,10,1
2025-08-09 23:00:00+00:00,2,Los Angeles Rams,Dallas Cowboys,31,21,1
2025-08-09 23:00:00+00:00,2,Jacksonville Jaguars,Pittsburgh Steelers,25,31,0
2025-08-09 23:30:00+00:00,2,Tampa Bay Buccaneers,Tennessee Titans,29,7,0
2025-08-10 00:00:00+00:00,2,Green Bay Packers,New York Jets,10,30,0
2025-08-10 00:00:00+00:00,2,Arizona Cardinals,Kansas City Chiefs,20,17,1
2025-08-10 00:30:00+00:00,2,San Francisco 49ers,Denver Broncos,9,30,1
2025-08-10 17:00:00+00:00,2,Chicago Bears,Miami Dolphins,24,24,0
2025-08-10 20:00:00+00:00,2,Los Angeles Chargers,New Orleans Saints,27,13,1
2025-08-15 23:00:00+00:00,3,Atlanta Falcons,Tennessee Titans,20,23,0
2025-08-16 02:00:00+00:00,3,Seattle Seahawks,Kansas City Chiefs,33,16,1
2025-08-16 17:00:00+00:00,3,Detroit Lions,Miami Dolphins,17,24,0
2025-08-16 17:00:00+00:00,3,Indianapolis Colts,Green Bay Packers,19,23,0
2025-08-16 17:00:00+00:00,3,Minnesota Vikings,New England Patriots,12,20,0
2025-08-16 17:00:00+00:00,3,Philadelphia Eagles,Cleveland Browns,13,22,0
2025-08-16 17:00:00+00:00,3,Houston Texans,Carolina Panthers,20,3,0
2025-08-16 20:05:00+00:00,3,Las Vegas Raiders,San Francisco 49ers,19,22,0
2025-08-16 23:00:00+00:00,3,Dallas Cowboys,Baltimore Ravens,13,31,0
2025-08-16 23:00:00+00:00,3,Los Angeles Rams,Los Angeles Chargers,23,22,1
2025-08-16 23:00:00+00:00,3,New York Giants,New York Jets,31,12,1
2025-08-16 23:00:00+00:00,3,Pittsburgh Steelers,Tampa Bay Buccaneers,14,17,0
2025-08-17 01:30:00+00:00,3,Denver Broncos,Arizona Cardinals,27,7,0
2025-08-17 17:00:00+00:00,3,New Orleans Saints,Jacksonville Jaguars,17,17,0
2025-08-18 00:00:00+00:00,3,Chicago Bears,Buffalo Bills,38,0,1
2025-08-19 00:00:00+00:00,3,Washington Commanders,Cincinnati Bengals,17,31,0
2025-08-21 23:00:00+00:00,4,Carolina Panthers,Pittsburgh Steelers,10,19,0
2025-08-22 00:00:00+00:00,4,New York Giants,New England Patriots,42,10,1
2025-08-22 23:30:00+00:00,4,New York Jets,Philadelphia Eagles,17,19,0
2025-08-23 00:00:00+00:00,4,Dallas Cowboys,Atlanta Falcons,31,13,1
2025-08-23 00:00:00+00:00,4,Tennessee Titans,Minnesota Vikings,23,13,1
2025-08-23 00:20:00+00:00,4,Kansas City Chiefs,Chicago Bears,27,29,0
2025-08-23 16:00:00+00:00,4,Washington Commanders,Baltimore Ravens,3,30,0
2025-08-23 17:00:00+00:00,4,Cincinnati Bengals,Indianapolis Colts,14,41,0
2025-08-23 17:00:00+00:00,4,Cleveland Browns,Los Angeles Rams,19,17,1
2025-08-23 17:00:00+00:00,4,Detroit Lions,Houston Texans,7,26,1
2025-08-23 17:00:00+00:00,4,New Orleans Saints,Denver Broncos,19,28,0
2025-08-23 20:00:00+00:00,4,Green Bay Packers,Seattle Seahawks,20,7,0
2025-08-23 23:00:00+00:00,4,Miami Dolphins,Jacksonville Jaguars,14,6,0
2025-08-23 23:30:00+00:00,4,Tampa Bay Buccaneers,Buffalo Bills,19,23,0
2025-08-24 00:30:00+00:00,4,San Francisco 49ers,Los Angeles Chargers,30,23,1
2025-08-24 02:00:00+00:00,4,Arizona Cardinals,Las Vegas Raiders,20,10,1
2025-09-05 00:20:00+00:00,1,Philadelphia Eagles,Dallas Cowboys,24,20,1
2025-09-06 00:00:00+00:00,1,Los Angeles Chargers,Kansas City Chiefs,27,21,1
2025-09-07 17:00:00+00:00,1,Atlanta Falcons,Tampa Bay Buccaneers,20,23,0
2025-09-07 17:00:00+00:00,1,Cleveland Browns,Cincinnati Bengals,16,17,0
2025-09-07 17:00:00+00:00,1,Indianapolis Colts,Miami Dolphins,33,8,0
2025-09-07 17:00:00+00:00,1,New England Patriots,Las Vegas Raiders,13,20,0
2025-09-07 17:00:00+00:00,1,New Orleans Saints,Arizona Cardinals,13,20,0
2025-09-07 17:00:00+00:00,1,New York Jets,Pittsburgh Steelers,32,34,0
2025-09-07 17:00:00+00:00,1,Washington Commanders,New York Giants,21,6,0
2025-09-07 17:00:00+00:00,1,Jacksonville Jaguars,Carolina Panthers,26,10,1
2025-09-07 20:05:00+00:00,1,Denver Broncos,Tennessee Titans,20,12,1
2025-09-07 20:05:00+00:00,1,Seattle Seahawks,San Francisco 49ers,13,17,0
2025-09-07 20:25:00+00:00,1,Green Bay Packers,Detroit Lions,27,13,1
2025-09-07 20:25:00+00:00,1,Los Angeles Rams,Houston Texans,14,9,0
2025-09-08 00:20:00+00:00,1,Buffalo Bills,Baltimore Ravens,41,40,1
2025-09-09 00:15:00+00:00,1,Chicago Bears,Minnesota Vikings,24,27,0
2025-09-12 00:15:00+00:00,2,Green Bay Packers,Washington Commanders,27,18,1
2025-09-14 17:00:00+00:00,2,Cincinnati Bengals,Jacksonville Jaguars,31,27,1
2025-09-14 17:00:00+00:00,2,Dallas Cowboys,New York Giants,40,37,1
2025-09-14 17:00:00+00:00,2,Detroit Lions,Chicago Bears,52,21,1
2025-09-14 17:00:00+00:00,2,Tennessee Titans,Los Angeles Rams,19,33,0
2025-09-14 17:00:00+00:00,2,Miami Dolphins,New England Patriots,27,33,0
2025-09-14 17:00:00+00:00,2,New Orleans Saints,San Francisco 49ers,21,26,0
2025-09-14 17:00:00+00:00,2,New York Jets,Buffalo Bills,10,30,0
2025-09-14 17:00:00+00:00,2,Pittsburgh Steelers,Seattle Seahawks,17,31,0
2025-09-14 17:00:00+00:00,2,Baltimore Ravens,Cleveland Browns,41,17,1
2025-09-14 20:05:00+00:00,2,Indianapolis Colts,Denver Broncos,29,28,1
2025-09-14 20:05:00+00:00,2,Arizona Cardinals,Carolina Panthers,27,22,1
2025-09-14 20:25:00+00:00,2,Kansas City Chiefs,Philadelphia Eagles,17,20,0
2025-09-15 00:20:00+00:00,2,Minnesota Vikings,Atlanta Falcons,6,22,1
2025-09-15 23:00:00+00:00,2,Houston Texans,Tampa Bay Buccaneers,19,20,0
2025-09-16 02:00:00+00:00,2,Las Vegas Raiders,Los Angeles Chargers,9,20,1
2025-09-19 00:15:00+00:00,3,Buffalo Bills,Miami Dolphins,31,21,1
2025-09-21 17:00:00+00:00,3,Cleveland Browns,Green Bay Packers,13,10,1
2025-09-21 17:00:00+00:00,3,Tennessee Titans,Indianapolis Colts,20,41,0
2025-09-21 17:00:00+00:00,3,Minnesota Vikings,Cincinnati Bengals,48,10,1
2025-09-21 17:00:00+00:00,3,New England Patriots,Pittsburgh Steelers,14,21,0
2025-09-21 17:00:00+00:00,3,Philadelphia Eagles,Los Angeles Rams,33,26,1
2025-09-21 17:00:00+00:00,3,Tampa Bay Buccaneers,New York Jets,29,27,1
2025-09-21 17:00:00+00:00,3,Washington Commanders,Las Vegas Raiders,41,24,1
2025-09-21 17:00:00+00:00,3,Carolina Panthers,Atlanta Falcons,30,0,1
2025-09-21 17:00:00+00:00,3,Jacksonville Jaguars,Houston Texans,17,10,1
2025-09-21 20:05:00+00:00,3,Los Angeles Chargers,Denver Broncos,23,20,1
2025-09-21 20:05:00+00:00,3,Seattle Seahawks,New Orleans Saints,44,13,1
2025-09-21 20:25:00+00:00,3,Chicago Bears,Dallas Cowboys,31,14,1
2025-09-21 20:25:00+00:00,3,San Francisco 49ers,Arizona Cardinals,16,15,1
2025-09-22 00:20:00+00:00,3,New York Giants,Kansas City Chiefs,9,22,1
2025-09-23 00:15:00+00:00,3,Baltimore Ravens,Detroit Lions,30,38,0
2025-09-26 00:15:00+00:00,4,Arizona Cardinals,Seattle Seahawks,20,23,0
2025-09-28 13:30:00+00:00,4,Pittsburgh Steelers,Minnesota Vikings,24,21,1
2025-09-28 17:00:00+00:00,4,Atlanta Falcons,Washington Commanders,34,27,1
2025-09-28 17:00:00+00:00,4,Buffalo Bills,New Orleans Saints,31,19,1
2025-09-28 17:00:00+00:00,4,Detroit Lions,Cleveland Browns,34,10,1
2025-09-28 17:00:00+00:00,4,New England Patriots,Carolina Panthers,42,13,1
2025-09-28 17:00:00+00:00,4,New York Giants,Los Angeles Chargers,21,18,1
2025-09-28 17:00:00+00:00,4,Tampa Bay Buccaneers,Philadelphia Eagles,25,31,0
2025-09-28 17:00:00+00:00,4,Houston Texans,Tennessee Titans,26,0,1
2025-09-28 20:05:00+00:00,4,Los Angeles Rams,Indianapolis Colts,27,20,1
2025-09-28 20:05:00+00:00,4,San Francisco 49ers,Jacksonville Jaguars,21,26,0
2025-09-28 20:25:00+00:00,4,Kansas City Chiefs,Baltimore Ravens,37,20,1
2025-09-28 20:25:00+00:00,4,Las Vegas Raiders,Chicago Bears,24,25,0
2025-09-29 00:20:00+00:00,4,Dallas Cowboys,Green Bay Packers,40,40,0
2025-09-29 23:15:00+00:00,4,Miami Dolphins,New York Jets,27,21,1
2025-09-30 00:15:00+00:00,4,Denver Broncos,Cincinnati Bengals,28,3,0
2025-10-03 00:15:00+00:00,5,Los Angeles Rams,San Francisco 49ers,23,26,0
2025-10-05 13:30:00+00:00,5,Cleveland Browns,Minnesota Vikings,17,21,0
2025-10-05 17:00:00+00:00,5,Indianapolis Colts,Las Vegas Raiders,40,6,0
2025-10-05 17:00:00+00:00,5,New Orleans Saints,New York Giants,26,14,1
2025-10-05 17:00:00+00:00,5,New York Jets,Dallas Cowboys,22,37,0
2025-10-05 17:00:00+00:00,5,Philadelphia Eagles,Denver Broncos,17,21,0
2025-10-05 17:00:00+00:00,5,Carolina Panthers,Miami Dolphins,27,24,1
2025-10-05 17:00:00+00:00,5,Baltimore Ravens,Houston Texans,10,44,0
2025-10-05 20:05:00+00:00,5,Arizona Cardinals,Tennessee Titans,21,22,0
2025-10-05 20:05:00+00:00,5,Seattle Seahawks,Tampa Bay Buccaneers,35,38,0
2025-10-05 20:25:00+00:00,5,Cincinnati Bengals,Detroit Lions,24,37,0
2025-10-05 20:25:00+00:00,5,Los Angeles Chargers,Washington Commanders,10,27,0
2025-10-06 00:20:00+00:00,5,Buffalo Bills,New England Patriots,20,23,0
2025-10-07 00:15:00+00:00,5,Jacksonville Jaguars,Kansas City Chiefs,31,28,1
2025-10-10 00:15:00+00:00,6,New York Giants,Philadelphia Eagles,34,17,1
2025-10-12 13:30:00+00:00,6,New York Jets,Denver Broncos,11,13,0
2025-10-12 17:00:00+00:00,6,Indianapolis Colts,Arizona Cardinals,31,27,1
2025-10-12 17:00:00+00:00,6,Miami Dolphins,Los Angeles Chargers,27,29,0
2025-10-12 17:00:00+00:00,6,New Orleans Saints,New England Patriots,19,25,0
2025-10-12 17:00:00+00:00,6,Pittsburgh Steelers,Cleveland Browns,23,9,0
2025-10-12 17:00:00+00:00,6,Carolina Panthers,Dallas Cowboys,30,27,1
2025-10-12 17:00:00+00:00,6,Jacksonville Jaguars,Seattle Seahawks,12,20,0
2025-10-12 17:00:00+00:00,6,Baltimore Ravens,Los Angeles Rams,3,17,1
2025-10-12 20:05:00+00:00,6,Las Vegas Raiders,Tennessee Titans,20,10,1
2025-10-12 20:25:00+00:00,6,Green Bay Packers,Cincinnati Bengals,27,18,1
2025-10-12 20:25:00+00:00,6,Tampa Bay Buccaneers,San Francisco 49ers,30,19,1
2025-10-13 00:20:00+00:00,6,Kansas City Chiefs,Detroit Lions,30,17,1
2025-10-13 23:15:00+00:00,6,Atlanta Falcons,Buffalo Bills,24,14,1
2025-10-14 00:15:00+00:00,6,Washington Commanders,Chicago Bears,24,25,0
2025-10-17 00:15:00+00:00,7,Cincinnati Bengals,Pittsburgh Steelers,33,31,1
2025-10-19 13:30:00+00:00,7,Jacksonville Jaguars,Los Angeles Rams,7,35,1
2025-10-19 17:00:00+00:00,7,Chicago Bears,New Orleans Saints,26,14,1
2025-10-19 17:00:00+00:00,7,Cleveland Browns,Miami Dolphins,31,6,0
2025-10-19 17:00:00+00:00,7,Tennessee Titans,New England Patriots,13,31,0
2025-10-19 17:00:00+00:00,7,Kansas City Chiefs,Las Vegas Raiders,31,0,1
2025-10-19 17:00:00+00:00,7,Minnesota Vikings,Philadelphia Eagles,22,28,0
2025-10-19 17:00:00+00:00,7,New York Jets,Carolina Panthers,6,13,1
2025-10-19 20:05:00+00:00,7,Denver Broncos,New York Giants,33,32,1
2025-10-19 20:05:00+00:00,7,Los Angeles Chargers,Indianapolis Colts,24,38,0
2025-10-19 20:25:00+00:00,7,Dallas Cowboys,Washington Commanders,44,22,1
2025-10-19 20:25:00+00:00,7,Arizona Cardinals,Green Bay Packers,23,27,0
2025-10-20 00:20:00+00:00,7,San Francisco 49ers,Atlanta Falcons,20,10,1
